log_name,n_fitted_types,model_1,model_2,R,p,preferred_model,interpretation
ACCRE,34,lower_bounded_power_law,exponential,20.09918218877422,0.0321973184198442,lower_bounded_power_law,lower_bounded_power_law favored (distinguishable)
ACCRE,34,lower_bounded_power_law,lognormal,-0.0722014889055766,0.7859888977403182,lognormal,inconclusive (lognormal numerically favored)
ACCRE,34,lower_bounded_power_law,stretched_exponential,-0.0572919712517148,0.8935591209471908,stretched_exponential,inconclusive (stretched_exponential numerically favored)
ACCRE,34,lower_bounded_power_law,truncated_power_law,-0.1540902128086385,0.5787989010801635,truncated_power_law,inconclusive (truncated_power_law numerically favored)
BPIC11,11187,lower_bounded_power_law,exponential,5950.507993064274,6.336722604549909e-36,lower_bounded_power_law,lower_bounded_power_law favored (distinguishable)
BPIC11,11187,lower_bounded_power_law,lognormal,-8.979505081260767,9.048550330408918e-07,lognormal,lognormal favored (distinguishable)
BPIC11,11187,lower_bounded_power_law,stretched_exponential,53.61496567158471,1.975639745308596e-08,lower_bounded_power_law,lower_bounded_power_law favored (distinguishable)
BPIC11,11187,lower_bounded_power_law,truncated_power_law,-0.1544296660802322,0.5783809895774887,truncated_power_law,inconclusive (truncated_power_law numerically favored)
BPIC12,1826,lower_bounded_power_law,exponential,1502.608595564111,9.188161145739547e-39,lower_bounded_power_law,lower_bounded_power_law favored (distinguishable)
BPIC12,1826,lower_bounded_power_law,lognormal,-33.5229399328507,9.240682549455849e-08,lognormal,lognormal favored (distinguishable)
BPIC12,1826,lower_bounded_power_law,stretched_exponential,-37.32671929825224,2.823824884845728e-08,stretched_exponential,stretched_exponential favored (distinguishable)
BPIC12,1826,lower_bounded_power_law,truncated_power_law,-47.330597159737934,0.0,truncated_power_law,truncated_power_law favored (distinguishable)
BPIC13_cp,52,lower_bounded_power_law,exponential,49.77628006952329,0.0015449733130817,lower_bounded_power_law,lower_bounded_power_law favored (distinguishable)
BPIC13_cp,52,lower_bounded_power_law,lognormal,-6.259940178323491,0.3136689008534515,lognormal,inconclusive (lognormal numerically favored)
BPIC13_cp,52,lower_bounded_power_law,stretched_exponential,0.5730175579243846,0.2922707683410054,lower_bounded_power_law,inconclusive (lower_bounded_power_law numerically favored)
BPIC13_cp,52,lower_bounded_power_law,truncated_power_law,-0.0299899934863865,0.8065275747021408,truncated_power_law,inconclusive (truncated_power_law numerically favored)
BPIC13_i,1468,lower_bounded_power_law,exponential,830.9727782049536,6.769634093706711e-05,lower_bounded_power_law,lower_bounded_power_law favored (distinguishable)
BPIC13_i,1468,lower_bounded_power_law,lognormal,-0.3108396874861583,0.3076730122848961,lognormal,inconclusive (lognormal numerically favored)
BPIC13_i,1468,lower_bounded_power_law,stretched_exponential,4.730491942186022,0.207216620635174,lower_bounded_power_law,inconclusive (lower_bounded_power_law numerically favored)
BPIC13_i,1468,lower_bounded_power_law,truncated_power_law,-0.2045153947493574,0.5224618486454742,truncated_power_law,inconclusive (truncated_power_law numerically favored)
BPIC14,688,lower_bounded_power_law,exponential,502.8073688641754,1.5755614371900223e-08,lower_bounded_power_law,lower_bounded_power_law favored (distinguishable)
BPIC14,688,lower_bounded_power_law,lognormal,-0.2624099180808983,0.4594810180609099,lognormal,inconclusive (lognormal numerically favored)
BPIC14,688,lower_bounded_power_law,stretched_exponential,1.8897119877141144,0.4489294478782817,lower_bounded_power_law,inconclusive (lower_bounded_power_law numerically favored)
BPIC14,688,lower_bounded_power_law,truncated_power_law,-1.1957457548245287,0.1219971824003072,truncated_power_law,inconclusive (truncated_power_law numerically favored)
BPIC17,7360,lower_bounded_power_law,exponential,13924.448215576846,2.5027017154465808e-189,lower_bounded_power_law,lower_bounded_power_law favored (distinguishable)
BPIC17,7360,lower_bounded_power_law,lognormal,-40.47592755889837,2.258124237703989e-09,lognormal,lognormal favored (distinguishable)
BPIC17,7360,lower_bounded_power_law,stretched_exponential,-40.60098038660251,7.348568838763785e-06,stretched_exponential,stretched_exponential favored (distinguishable)
BPIC17,7360,lower_bounded_power_law,truncated_power_law,-59.66759268854764,0.0,truncated_power_law,truncated_power_law favored (distinguishable)
BPIC18,38620,lower_bounded_power_law,exponential,51775.43064999407,2.6721839861980274e-126,lower_bounded_power_law,lower_bounded_power_law favored (distinguishable)
BPIC18,38620,lower_bounded_power_law,lognormal,-0.3608544221097416,0.5582981899019892,lognormal,inconclusive (lognormal numerically favored)
BPIC18,38620,lower_bounded_power_law,stretched_exponential,7078.942240870915,0.0,lower_bounded_power_law,lower_bounded_power_law favored (distinguishable)
BPIC18,38620,lower_bounded_power_law,truncated_power_law,-0.2787604641725494,0.4552608262402065,truncated_power_law,inconclusive (truncated_power_law numerically favored)
BPIC19,1247,lower_bounded_power_law,exponential,1857.5067688981608,1.129838292270828e-16,lower_bounded_power_law,lower_bounded_power_law favored (distinguishable)
BPIC19,1247,lower_bounded_power_law,lognormal,0.0015615851401893,0.965438302698218,lower_bounded_power_law,inconclusive (lower_bounded_power_law numerically favored)
BPIC19,1247,lower_bounded_power_law,stretched_exponential,10.212252462072744,0.0113651754289571,lower_bounded_power_law,lower_bounded_power_law favored (distinguishable)
BPIC19,1247,lower_bounded_power_law,truncated_power_law,-1.2597563989582907,0.1124453208129822,truncated_power_law,inconclusive (truncated_power_law numerically favored)
BPIC20_dd,108,lower_bounded_power_law,exponential,195.4152262804665,1.960323482491322e-06,lower_bounded_power_law,lower_bounded_power_law favored (distinguishable)
BPIC20_dd,108,lower_bounded_power_law,lognormal,-0.5293507658748471,0.5251966348938704,lognormal,inconclusive (lognormal numerically favored)
BPIC20_dd,108,lower_bounded_power_law,stretched_exponential,-0.4583938589856284,0.6943926292574971,stretched_exponential,inconclusive (stretched_exponential numerically favored)
BPIC20_dd,108,lower_bounded_power_law,truncated_power_law,-0.7102048487144716,0.2333359806682534,truncated_power_law,inconclusive (truncated_power_law numerically favored)
BPIC20_id,2944,lower_bounded_power_law,exponential,3429.8340198854708,4.006333858444054e-28,lower_bounded_power_law,lower_bounded_power_law favored (distinguishable)
BPIC20_id,2944,lower_bounded_power_law,lognormal,-5.98437863616685,0.001512137471136,lognormal,lognormal favored (distinguishable)
BPIC20_id,2944,lower_bounded_power_law,stretched_exponential,0.1839027802644555,0.9572703517731652,lower_bounded_power_law,inconclusive (lower_bounded_power_law numerically favored)
BPIC20_id,2944,lower_bounded_power_law,truncated_power_law,-2.656140160997907,0.0211756222988332,truncated_power_law,truncated_power_law favored (distinguishable)
BPIC20_ptc,650,lower_bounded_power_law,exponential,711.314658509936,3.167067645406805e-11,lower_bounded_power_law,lower_bounded_power_law favored (distinguishable)
BPIC20_ptc,650,lower_bounded_power_law,lognormal,-2.4445426797238983,0.1371015319078573,lognormal,inconclusive (lognormal numerically favored)
BPIC20_ptc,650,lower_bounded_power_law,stretched_exponential,1.4986042689202606,0.2761661167103195,lower_bounded_power_law,inconclusive (lower_bounded_power_law numerically favored)
BPIC20_ptc,650,lower_bounded_power_law,truncated_power_law,-0.116661568947781,0.6290706449870882,truncated_power_law,inconclusive (truncated_power_law numerically favored)
BPIC20_rfp,183,lower_bounded_power_law,exponential,382.5818733166452,2.795248348282287e-07,lower_bounded_power_law,lower_bounded_power_law favored (distinguishable)
BPIC20_rfp,183,lower_bounded_power_law,lognormal,-1.0966853523223137,0.0701318079402159,lognormal,lognormal favored (distinguishable)
BPIC20_rfp,183,lower_bounded_power_law,stretched_exponential,-0.1443452963315157,0.8915552786167819,stretched_exponential,inconclusive (stretched_exponential numerically favored)
BPIC20_rfp,183,lower_bounded_power_law,truncated_power_law,-0.27462161067379,0.4586270784249148,truncated_power_law,inconclusive (truncated_power_law numerically favored)
BPIC20_tpd,1540,lower_bounded_power_law,exponential,1096.834299310627,2.3004352678574363e-24,lower_bounded_power_law,lower_bounded_power_law favored (distinguishable)
BPIC20_tpd,1540,lower_bounded_power_law,lognormal,-1.169720589656845,0.1920702514604497,lognormal,inconclusive (lognormal numerically favored)
BPIC20_tpd,1540,lower_bounded_power_law,stretched_exponential,2.168428717628357,0.5160792282064415,lower_bounded_power_law,inconclusive (lower_bounded_power_law numerically favored)
BPIC20_tpd,1540,lower_bounded_power_law,truncated_power_law,-3.846501358642877,0.0055435321401523,truncated_power_law,truncated_power_law favored (distinguishable)
CALL,672,lower_bounded_power_law,exponential,1504.3698787833478,1.0118165772176439e-41,lower_bounded_power_law,lower_bounded_power_law favored (distinguishable)
CALL,672,lower_bounded_power_law,lognormal,-1.8922864839755744,0.1634813914220272,lognormal,inconclusive (lognormal numerically favored)
CALL,672,lower_bounded_power_law,stretched_exponential,-0.6835556664405908,0.8155230254017061,stretched_exponential,inconclusive (stretched_exponential numerically favored)
CALL,672,lower_bounded_power_law,truncated_power_law,-5.715074719820986,0.0007226187352257,truncated_power_law,truncated_power_law favored (distinguishable)
ITHD,108,lower_bounded_power_law,exponential,175.46054408927276,0.0004785045851113,lower_bounded_power_law,lower_bounded_power_law favored (distinguishable)
ITHD,108,lower_bounded_power_law,lognormal,-8.170491680478081,0.3111819543968757,lognormal,inconclusive (lognormal numerically favored)
ITHD,108,lower_bounded_power_law,stretched_exponential,1.1912401627862308,0.297206803943598,lower_bounded_power_law,inconclusive (lower_bounded_power_law numerically favored)
ITHD,108,lower_bounded_power_law,truncated_power_law,-0.076989497028878,0.6947615243822189,truncated_power_law,inconclusive (truncated_power_law numerically favored)
MOBIS,1979,lower_bounded_power_law,exponential,2215.1016663727182,5.901872413302743e-75,lower_bounded_power_law,lower_bounded_power_law favored (distinguishable)
MOBIS,1979,lower_bounded_power_law,lognormal,-22.942352007672447,2.0107240466963145e-11,lognormal,lognormal favored (distinguishable)
MOBIS,1979,lower_bounded_power_law,stretched_exponential,-26.813651780797187,7.11034742886258e-11,stretched_exponential,stretched_exponential favored (distinguishable)
MOBIS,1979,lower_bounded_power_law,truncated_power_law,-34.84527348658924,1.1102230246251563e-16,truncated_power_law,truncated_power_law favored (distinguishable)
RTFMP,353,lower_bounded_power_law,exponential,1486.9227165832417,3.6339634724873805e-21,lower_bounded_power_law,lower_bounded_power_law favored (distinguishable)
RTFMP,353,lower_bounded_power_law,lognormal,-0.5351069637759611,0.651056055726621,lognormal,inconclusive (lognormal numerically favored)
RTFMP,353,lower_bounded_power_law,stretched_exponential,5.298461126682059,0.030991741100739,lower_bounded_power_law,lower_bounded_power_law favored (distinguishable)
RTFMP,353,lower_bounded_power_law,truncated_power_law,-0.0601606613367935,0.7286862501980838,truncated_power_law,inconclusive (truncated_power_law numerically favored)
SEPSIS,878,lower_bounded_power_law,exponential,169.13370150539586,3.428872579064851e-07,lower_bounded_power_law,lower_bounded_power_law favored (distinguishable)
SEPSIS,878,lower_bounded_power_law,lognormal,-0.3603898157506977,0.4915983390347315,lognormal,inconclusive (lognormal numerically favored)
SEPSIS,878,lower_bounded_power_law,stretched_exponential,2.346175474921236,0.1636792389567077,lower_bounded_power_law,inconclusive (lower_bounded_power_law numerically favored)
SEPSIS,878,lower_bounded_power_law,truncated_power_law,-0.0451985892641357,0.7636728313615866,truncated_power_law,inconclusive (truncated_power_law numerically favored)
